name,age,photo,wishlist
Amos,3Y/9M/26D,Amos.jpeg,
Andie,1Y/5M/8D,Andie.jpeg,
Athena,3Y/3M/18D,Athena.jpeg,
Baby Girl,2Y/2M/30D,Baby Girl.jpeg,
Baby Sue,0Y/9M/4D,Baby Sue.jpeg,
Bizzy,0Y/4M/1D,Bizzy.jpeg,
Boro,3Y/6M/8D,Boro.jpeg,
Brie,3Y/10M/5D,Brie.jpeg,
Bungee,4Y/3M/10D,Bungee.jpeg,
Carrot,2Y/1M/9D,Carrot.jpeg,
Cheeto,0Y/5M/24D,Cheeto.jpeg,
Cletus (kitten),2Y/0M/14D,Cletus (kitten).jpeg,
Cookie Crisp,0Y/2M/14D,Cookie Crisp.jpeg,
Corkscrew,12Y/3M/20D,Corkscrew.jpeg,
Cricket,0Y/8M/3D,Cricket.jpeg,
Dolly,2Y/10M/24D,Dolly.jpeg,
Gracie,15Y/1M/20D,Gracie.jpeg,
Gray,2Y/10M/14D,Gray.jpeg,
Halia,10Y/11M/23D,Halia.jpeg,
Hercules,3Y/3M/18D,Hercules.jpeg,
Hey You,10Y/7M/11D,Hey You.jpeg,
Holmes,2Y/1M/1D,Holmes.jpeg,
India,0Y/6M/12D,India.jpeg,
Jake,9Y/10M/18D,Jake.jpeg,
Jasper,12Y/9M/27D,Jasper.jpeg,
Jiggy June,1Y/3M/27D,Jiggy June.jpeg,
JJ,0Y/6M/6D,JJ.jpeg,
Julius,0Y/6M/15D,Julius.jpeg,
Juneau,6Y/1M/25D,Juneau.jpeg,
Junior,0Y/4M/1D,Junior.jpeg,
Kenny,5Y/4M/12D,Kenny.jpeg,
Kip,0Y/9M/17D,Kip.jpeg,
Knockout,2Y/11M/15D,Knockout.jpeg,
Lily,2Y/3M/28D,Lily.jpeg,
Liza Ann,8Y/0M/28D,Liza Ann.jpeg,
Lolita,1Y/3M/5D,Lolita.jpeg,
Mama Streets,6Y/2M/20D,Mama Streets.jpeg,
Marceline,3Y/10M/4D,Marceline.jpeg,
Moon,3Y/7M/6D,Moon.jpeg,
Mr. Handsome,4Y/0M/23D,Mr. Handsome.jpeg,
Myers,2Y/9M/18D,Myers.jpeg,
Nanny,0Y/8M/3D,Nanny.jpeg,
Nash,1Y/1M/3D,Nash.jpeg,
Nazzareno,1Y/9M/3D,Nazzareno.jpeg,
Noodle,0Y/8M/3D,Noodle.jpeg,
Ollie,2Y/1M/18D,Ollie.jpeg,
Omega,1Y/8M/25D,Omega.jpeg,
Opie,1Y/4M/11D,Opie.jpeg,
Orion,4Y/1M/4D,Orion.jpeg,
Parry Ferol,3Y/7M/3D,Parry Ferol.jpeg,
Pasta,4Y/0M/11D,Pasta.jpeg,
Percy,1Y/9M/5D,Percy.jpeg,
Puma,12Y/4M/24D,Puma.jpeg,
Ruby,10Y/1M/10D,Ruby.jpeg,
Sabrina,11Y/2M/17D,Sabrina.jpeg,
Samson,3Y/11M/2D,Samson.jpeg,
Sara,0Y/5M/23D,Sara.jpeg,
Shadow,12Y/0M/5D,Shadow.jpeg,
Sheldon,6Y/2M/15D,Sheldon.jpeg,
Snow,1Y/6M/24D,Snow.jpeg,
Speedy,0Y/6M/21D,Speedy.jpeg,
Star,0Y/7M/4D,Star.jpeg,
Stardust,0Y/5M/4D,Stardust.jpeg,
Sweetie,1Y/8M/25D,Sweetie.jpeg,
Swish,1Y/3M/15D,Swish.jpeg,
Theodore,1Y/5M/0D,Theodore.jpeg,
Tinker,1Y/3M/18D,Tinker.jpeg,
Tippy,1Y/1M/8D,Tippy.jpeg,
Tish,0Y/3M/25D,Tish.jpeg,
Tommy,1Y/1M/8D,Tommy.jpeg,
Tsunami,1Y/8M/5D,Tsunami.jpeg,
Tuna,2Y/4M/13D,Tuna.jpeg,
Vance,2Y/5M/0D,Vance.jpeg,
Wheaties,0Y/2M/14D,Wheaties.jpeg,
Wynn,4Y/7M/2D,Wynn.jpeg,
Zillo,2Y/5M/23D,Zillo.jpeg,